<?xml version="1.0" encoding="UTF-8"?>
<project-private xmlns="http://www.netbeans.org/ns/project-private/1">
    <editor-bookmarks xmlns="http://www.netbeans.org/ns/editor-bookmarks/2" lastBookmarkId="0"/>
    <open-files xmlns="http://www.netbeans.org/ns/projectui-open-files/2">
        <group>
            <file>file:/C:/xampp/htdocs/vms/protected/config/main.php</file>
            <file>file:/C:/xampp/htdocs/vms/protected/controllers/UserWorkstationsController.php</file>
            <file>file:/C:/xampp/htdocs/vms/protected/views/layouts/main.php</file>
            <file>file:/C:/xampp/htdocs/vms/Selenium%20Test%20Files/Issue3FunctionalTestAdmin.php</file>
            <file>file:/C:/xampp/htdocs/vms/Selenium%20Test%20Files/Issue3FunctionalTestSetAccessRule.php</file>
            <file>file:/C:/xampp/htdocs/vms/protected/controllers/PasswordController.php</file>
            <file>file:/C:/xampp/htdocs/vms/protected/views/password/update.php</file>
            <file>file:/C:/xampp/htdocs/vms/Selenium%20Test%20Files/BaseFunctionalTest.php</file>
        </group>
    </open-files>
</project-private>
