<?xml version="1.0" encoding="UTF-8"?>
<project-private xmlns="http://www.netbeans.org/ns/project-private/1">
    <editor-bookmarks xmlns="http://www.netbeans.org/ns/editor-bookmarks/2" lastBookmarkId="0"/>
    <open-files xmlns="http://www.netbeans.org/ns/projectui-open-files/2">
        <group>
            <file>file:/C:/xampp/htdocs/vms/protected/models/Company.php</file>
            <file>file:/C:/xampp/htdocs/vms/protected/views/user/_form.php</file>
            <file>file:/C:/xampp/htdocs/vms/Selenium%20Test%20Files/Issue3FunctionalTestAgentAdmin.php</file>
            <file>file:/C:/xampp/htdocs/vms/Selenium%20Test%20Files/Issue3FunctionalTestSuperAdmin.php</file>
            <file>file:/C:/xampp/htdocs/vms/Selenium%20Test%20Files/Issue3FunctionalTestValidations.php</file>
        </group>
    </open-files>
</project-private>
